6223af,::1,GET,http://localhost/Activity/dino-roar,1697354966,6223af,200
543f9f,::1,GET,http://localhost/Activity/dino-roar,1697354966,543f9f,404
3a2b96,::1,GET,http://localhost/Activity/dino-roar,1697354967,543f9f,200
7652bf,::1,GET,http://localhost/Activity/dino-roar,1697354968,543f9f,200
8d9042,::1,GET,http://localhost/Activity/dino-roar,1697354968,543f9f,200
7a6384,::1,GET,http://localhost/Activity/dino-roar,1697354969,543f9f,200
1519a2,::1,GET,http://localhost/Activity/dino-roar,1697354969,543f9f,200
308333,::1,GET,http://localhost/Activity/dino-roar,1697354970,543f9f,200
8efb7e,::1,GET,http://localhost/Activity/dino-roar,1697354970,543f9f,200
3511f3,::1,GET,http://localhost/Activity/dino-roar,1697354970,543f9f,200
d5c09e,::1,GET,http://localhost/Activity/dino-roar,1697354971,543f9f,200
1883b8,::1,GET,http://localhost/Activity/dino-roar,1697354971,543f9f,200
f4312b,::1,GET,http://localhost/Activity/dino-roar,1697354973,543f9f,200
605a66,::1,GET,http://localhost/Activity/dino-roar,1697354973,543f9f,200
d0b6ef,::1,GET,http://localhost/Activity/dino-roar,1697354974,543f9f,200
e046e7,::1,GET,http://localhost/Activity/dino-roar,1697354974,543f9f,200
a3cf65,::1,GET,http://localhost/Activity/dino-roar,1697354974,543f9f,200
97cfce,::1,GET,http://localhost/Activity/dino-roar,1697355119,97cfce,200
9f1fa6,::1,GET,http://localhost/Activity/dino-roar,1697355121,9f1fa6,404
29c68c,::1,GET,http://localhost/Activity/dino-roar,1697355121,9f1fa6,200
cd8f21,::1,GET,http://localhost/Activity/dino-roar,1697355121,9f1fa6,200
7e721e,::1,GET,http://localhost/Activity/dino-roar,1697355122,9f1fa6,200
648786,::1,GET,http://localhost/Activity/dino-roar,1697355122,9f1fa6,200
dd02cd,::1,GET,http://localhost/Activity/dino-roar,1697355122,9f1fa6,200
c0d96d,::1,GET,http://localhost/Activity/dino-roar,1697355122,9f1fa6,200
e68a6a,::1,GET,http://localhost/Activity/dino-roar,1697355123,9f1fa6,200
597fc5,::1,GET,http://localhost/Activity/dino-roar,1697355123,9f1fa6,200
cf3e3b,::1,GET,http://localhost/Activity/dino-roar,1697355123,9f1fa6,200
ffaef1,::1,GET,http://localhost/Activity/dino-roar,1697355123,9f1fa6,200
5dcfcc,::1,GET,http://localhost/Activity/dino-roar,1697355124,9f1fa6,200
a8881e,::1,GET,http://localhost/Activity/dino-roar,1697355124,9f1fa6,200
777bdf,::1,GET,http://localhost/Activity/dino-roar,1697355125,9f1fa6,200
4d9e39,::1,GET,http://localhost/Activity/dino-roar,1697355126,9f1fa6,200
7b0c55,::1,GET,http://localhost/Activity/dino-roar,1697355126,9f1fa6,200
